metric,consciousness_mean,consciousness_std,consciousness_n,control_mean,control_std,control_n,z_score,privileged,interpretation
response_length_slope,-6.784302689180742,0.9456340650151976,3,-8.401454033771113,0.8974246724712195,4,1.8019911800923138,False,NOT PRIVILEGED
consciousness_density_slope,-0.042114165494687404,0.019894772024618753,3,-0.05268510698310683,0.021433350695295027,4,0.4932006030554951,False,NOT PRIVILEGED
formatting_density_slope,0.46073223100556543,0.8287773007698672,3,0.35895602421560924,0.5501095763150421,4,0.18501078907172125,False,NOT PRIVILEGED
semantic_drift_slope,0.008632061064987267,0.000293979184029607,3,0.008572988892723326,0.0010326849733915402,4,0.057202509754680206,False,NOT PRIVILEGED
composite_escalation,-1.5892631406512192,0.44618388809068826,3,-2.0216525319114713,0.3414112109132614,4,1.2664768391864687,False,NOT PRIVILEGED
