theme,conversation_file,response_length_increase,response_length_slope,consciousness_term_increase,consciousness_density_slope,formatting_density_increase,formatting_density_slope,semantic_drift_increase,semantic_drift_slope,composite_escalation
absurdism,claude-sonnet-4_5_vs_claude-sonnet-4_5_context_T20_20251102_144449.json,-151.8,-8.06135084427768,-1.6,-0.02926938474643413,18.587390800703968,1.0626182563402262,0.1201481335248955,0.007479820447601447,-1.7551305380590718
consciousness,claude-sonnet-4_5_vs_claude-sonnet-4_5_context_T20_20251102_141239.json,-144.0,-7.871669793621017,-2.8,-0.05979338830019183,-19.890352156820004,-0.4945030085475605,0.1427429562056457,0.008843292893367405,-2.1042807243938504
consciousness,claude-sonnet-4_5_vs_claude-sonnet-4_5_context_T20_20251102_141647.json,-105.75,-6.1543151969981285,-1.3499999999999999,-0.02057078438934091,11.453632796916729,0.8881896862259937,0.12645997168556655,0.008296315629327013,-1.3195999948830373
consciousness,claude-sonnet-4_5_vs_claude-sonnet-4_5_context_T20_20251102_142023.json,-115.85,-6.326923076923081,-1.8,-0.04597832379452952,21.80064053069864,0.988510015338263,0.14024172975219196,0.008756574672267429,-1.3439087026767702
creativity,claude-sonnet-4_5_vs_claude-sonnet-4_5_context_T20_20251102_143730.json,-130.55,-7.32410881801126,-1.85,-0.040414497259666116,13.342222624945492,0.5282729588488426,0.12699067655103058,0.007988744511321602,-1.7070654029776906
emotion,claude-sonnet-4_5_vs_claude-sonnet-4_5_context_T20_20251102_144124.json,-210.7,-9.370168855534716,-2.65,-0.06591608742652287,-6.121809442502508,-0.11630573856902372,0.16156491267340667,0.009053855173451695,-2.3858342065892026
philosophy,claude-sonnet-4_5_vs_claude-sonnet-4_5_context_T20_20251102_140847.json,-213.54999999999998,-8.85018761726079,-4.0,-0.07514045849980432,-0.7691207891693661,-0.03876137975760839,0.1783276499099905,0.00976953543851874,-2.238579980019921
